
{
  "stepsize" : 0.038073,
  "metric_type" : "diag_e",
  "inv_metric" : [ 0.328243, 1.26233, 0.000492994, 0.000814074, 0.00332412, 0.00261777, 0.0100208, 0.000787289, 0.00082017, 0.0172987, 0.0138961, 0.000820565, 0.000848973, 0.0147526, 0.0158908, 0.0148983, 0.00250241, 0.0020216, 0.000920066, 0.0102869, 0.00427093, 0.0666397, 0.00137262, 0.000622551, 0.00149986, 0.007256, 0.00240872, 0.000431002, 0.00847384 ]
}
