
{
  "stepsize" : 0.011792,
  "metric_type" : "diag_e",
  "inv_metric" : [ 0.0940256, 0.118758, 0.132014, 0.292692, 0.256094, 0.541255, 0.512812, 0.585199, 0.471012, 0.452266, 0.358644, 0.00318747, 0.00158677, 0.00159461, 0.00288289, 0.00321185, 0.00728967, 0.0265405, 0.0137514, 0.00301678, 0.100742, 0.140318, 0.102308, 0.102775, 0.217719, 0.200234, 0.208958, 0.240858, 0.249653, 0.344787, 1.46979, 1.46766, 1.45836, 1.43737, 0.040254, 0.0322691, 0.0137614, 0.113093, 0.170328, 0.112057, 0.254697, 0.250384, 0.345766, 1.60139, 1.28595, 1.48683, 0.0543991, 0.00285179, 0.00342299, 0.127342, 0.123528, 0.102354, 0.246501, 0.245093, 0.333723, 1.52669, 1.54783, 1.4844, 0.0329977, 0.00288518, 0.142049, 0.104504, 0.319404, 1.36689, 1.5433, 0.00272324, 0.00307858, 0.110226, 0.104988, 0.352966, 1.48208, 1.53418, 0.0310213, 0.0368585, 0.122367, 0.121246, 0.348272, 1.45878, 1.49638, 0.0322024, 0.00989788, 0.0105522, 0.0512972, 0.00239166, 0.0743771, 0.0739876, 0.0446499, 0.0218898, 0.0351326, 0.0147366, 0.0149533, 0.0261764, 0.0962789, 0.0450564, 0.0148177, 1.33504, 0.506669, 0.000396982, 0.00481595 ]
}
