
{
  "stepsize" : 0.0218137,
  "metric_type" : "diag_e",
  "inv_metric" : [ 0.031698, 0.0326229, 0.0344023, 0.25857, 0.203492, 0.398288, 0.350678, 0.339611, 0.00336857, 0.00163966, 0.0014525, 0.00338701, 0.00400141, 0.0162616, 0.0536143, 0.0550534, 0.00200847, 0.146239, 0.264546, 0.145467, 0.151764, 0.203133, 0.206855, 0.191798, 0.233098, 0.242064, 0.30566, 1.4913, 1.07316, 1.32287, 1.20116, 0.0145225, 0.0339325, 0.0427043, 0.14238, 0.117564, 0.164914, 0.247933, 0.241892, 0.290429, 1.36284, 1.4328, 1.4648, 0.0215458, 0.00198611, 0.00219865, 0.139167, 0.113202, 0.145786, 0.269095, 0.243646, 0.308428, 1.477, 1.46108, 1.34231, 0.00977704, 0.00141464, 0.122075, 0.138116, 0.303224, 1.44637, 1.39368, 0.00138841, 0.000749895, 0.146674, 0.156539, 0.31615, 1.29006, 1.54964, 0.01522, 0.0593935, 0.111002, 0.123816, 0.310477, 1.38406, 1.45611, 0.0069651, 0.0041943, 0.00452432, 0.00397697, 0.000682964, 0.00360492, 0.00454186, 0.0193426, 0.0196734, 0.0064098, 0.0063633, 0.0147931, 0.0417804, 0.0270945, 0.00627162, 1.06731, 1.00242, 0.00040453, 0.00678573 ]
}
