
{
  "stepsize" : 0.0398541,
  "metric_type" : "diag_e",
  "inv_metric" : [ 0.0186611, 0.0281677, 0.0211691, 0.321327, 0.200189, 0.231523, 0.402824, 0.209128, 0.0030394, 0.00159146, 0.00152459, 0.00329817, 0.00332733, 0.00095837, 0.000883197, 0.118873, 0.135596, 0.337826, 1.30279, 1.28226, 0.00846417, 0.000730941, 0.00148419, 0.0133237, 0.00142865, 0.0135902, 0.0133786, 0.014333, 0.00352613, 0.0036774, 0.00183787, 0.00332828, 0.00455632, 0.00461573, 0.00572329, 0.0414285, 0.0413342, 0.0411932, 0.235218, 0.000555227, 0.00545854 ]
}
