
{
  "stepsize" : 0.224272,
  "metric_type" : "diag_e",
  "inv_metric" : [ 0.205799, 0.387804, 0.00115896, 0.00162437, 0.0507516, 0.0455386, 0.0152772, 0.00336281, 0.00322516, 0.0134633, 0.0114798, 0.00306771, 0.0030275, 0.0244919, 0.0198951, 0.0193049, 0.00616145, 0.00371986, 0.00281072, 0.0136293, 0.00236891, 0.0638653, 0.00142998, 0.00271349, 0.00610789, 0.0103364, 0.00430647, 0.00045611, 0.016389 ]
}
