
{
  "stepsize" : 0.00320981,
  "metric_type" : "diag_e",
  "inv_metric" : [ 0.0993863, 0.122764, 0.138477, 0.274045, 0.27676, 0.476572, 0.504494, 0.57825, 0.480971, 0.453526, 0.373626, 0.00303596, 0.00158136, 0.00152798, 0.0030103, 0.00327723, 0.00812055, 0.0253895, 0.0135847, 0.00293809, 0.104664, 0.134301, 0.108401, 0.099222, 0.191162, 0.202771, 0.220784, 0.23394, 0.254552, 0.297568, 1.62023, 1.40544, 1.60314, 1.46128, 0.0402242, 0.0322807, 0.0128152, 0.11727, 0.176583, 0.110037, 0.261898, 0.249553, 0.337262, 1.44853, 1.30089, 1.50759, 0.049266, 0.00291393, 0.00372845, 0.129888, 0.118612, 0.107331, 0.247015, 0.24939, 0.340991, 1.4766, 1.46439, 1.50698, 0.0369528, 0.00262464, 0.143227, 0.0994761, 0.331263, 1.40332, 1.56988, 0.00277728, 0.00273308, 0.10209, 0.106065, 0.34244, 1.52832, 1.61953, 0.0324609, 0.0329992, 0.12098, 0.12304, 0.329675, 1.50524, 1.49363, 0.0359373, 0.00965008, 0.0100003, 0.0477687, 0.00251593, 0.0738148, 0.0727924, 0.0428961, 0.022026, 0.0350034, 0.017548, 0.0179258, 0.0313309, 0.0923724, 0.0511933, 0.0173838, 1.41223, 0.63081, 0.000399541, 0.0051374 ]
}
