
{
  "stepsize" : 0.0841645,
  "metric_type" : "diag_e",
  "inv_metric" : [ 0.0571052, 0.964284, 0.000492194, 0.000777147, 0.00344338, 0.00226013, 0.00837537, 0.000859204, 0.00084212, 0.0175886, 0.0143098, 0.000879838, 0.000819588, 0.0168719, 0.0125637, 0.0140427, 0.00206584, 0.00220187, 0.000891608, 0.00968368, 0.00399911, 0.974176, 0.00124371, 0.000661089, 0.00193308, 0.00752205, 0.00232524, 0.000406523, 0.0096329 ]
}
