
{
  "stepsize" : 0.0248314,
  "metric_type" : "diag_e",
  "inv_metric" : [ 0.0325578, 0.0261404, 0.0565931, 0.2608, 0.206693, 0.2769, 0.119654, 0.29657, 0.364715, 0.169555, 0.285367, 0.00308719, 0.00156549, 0.00153648, 0.00328877, 0.0038466, 0.0137045, 0.0227733, 0.02154, 0.00161785, 0.150526, 0.129471, 0.115086, 0.136579, 0.210861, 0.191056, 0.210544, 0.251767, 0.25419, 0.340163, 1.43243, 1.47683, 1.43039, 1.36459, 0.0171912, 0.0374491, 0.033493, 0.136096, 0.178656, 0.159187, 0.237024, 0.23602, 0.31596, 1.39881, 1.3288, 1.3431, 0.0230611, 0.00142578, 0.00240732, 0.131616, 0.124084, 0.134877, 0.262904, 0.223868, 0.306942, 1.3346, 1.42538, 1.42925, 0.0121408, 0.00130731, 0.119977, 0.150623, 0.320445, 1.41602, 1.33603, 0.00111112, 0.000892486, 0.159291, 0.162075, 0.301383, 1.42689, 1.39624, 0.0149412, 0.0582672, 0.125516, 0.175852, 0.304908, 1.46787, 1.34451, 0.00371097, 0.0045846, 0.00389475, 0.00304173, 0.000693981, 0.00347497, 0.00439953, 0.0185277, 0.0136344, 0.00254801, 0.0485006, 0.048849, 0.062679, 0.0793781, 0.0738, 0.0490621, 0.204693, 0.26188, 0.000405125, 0.00622144 ]
}
