
{
  "stepsize" : 0.0575441,
  "metric_type" : "diag_e",
  "inv_metric" : [ 0.0106548, 0.00477824, 0.00636307, 0.0160509, 0.0174204, 0.0159942, 0.31908, 0.0395019, 0.342795, 0.202929, 0.87871, 0.35435, 0.331193, 0.387228, 0.00319811, 0.00165052, 0.00155416, 0.00105692, 0.00110598, 0.000664454, 0.00298272, 0.00228708, 0.0105768, 0.0106236, 0.000763896, 0.00132292, 0.00358403, 0.00327965, 0.00309819, 0.00640073, 0.00632183, 0.0182041, 0.0313435, 0.0292032, 0.00633, 0.00124723, 0.00219486, 0.0608849, 0.00717077, 0.00232652, 0.00138323, 1.38665, 1.57124, 0.000410116, 0.00754918 ]
}
