
{
  "stepsize" : 0.148458,
  "metric_type" : "diag_e",
  "inv_metric" : [ 0.0518995, 0.960209, 0.00048441, 0.000773467, 0.00324972, 0.0023181, 0.00790274, 0.000801326, 0.00084895, 0.0156222, 0.014511, 0.000840887, 0.000814938, 0.0165174, 0.0127025, 0.0139736, 0.00194181, 0.00235255, 0.000847675, 0.00968799, 0.00365455, 0.0606358, 0.00125256, 0.000633761, 0.00177215, 0.00657883, 0.00223841, 0.000418744, 0.00967737 ]
}
