
{
  "stepsize" : 0.0233147,
  "metric_type" : "diag_e",
  "inv_metric" : [ 0.0246339, 0.160856, 0.0240131, 0.296595, 0.137295, 0.276235, 0.426448, 0.23509, 0.00337334, 0.00320527, 0.00436593, 0.0023901, 0.00220305, 0.00290905, 0.822292, 0.890703, 0.738168, 0.785506, 0.00324801, 0.00165846, 0.00165263, 0.00309077, 0.00346206, 0.000674913, 0.176187, 0.246827, 0.244399, 0.0204466, 0.0882908, 0.0386715, 0.00591257, 0.0106571, 0.0135939, 0.0123685, 0.0115346, 0.00304905, 0.00317656, 0.00196065, 0.00281084, 0.00419302, 0.0606093, 0.0155895, 0.0455386, 0.0922412, 0.0869863, 0.261721, 0.00152049, 0.00565752 ]
}
