
{
  "stepsize" : 0.0319829,
  "metric_type" : "diag_e",
  "inv_metric" : [ 0.0201012, 0.0282557, 0.0231615, 0.307521, 0.186795, 0.237257, 0.389463, 0.218476, 0.00312639, 0.00159796, 0.00150379, 0.00303047, 0.00347255, 0.000958413, 0.000880145, 0.121779, 0.124809, 0.321374, 1.42282, 1.40639, 0.0087096, 0.000741483, 0.00146816, 0.0156425, 0.0015243, 0.0146171, 0.0123867, 0.0135488, 0.00348493, 0.00351277, 0.00180316, 0.00357302, 0.00468083, 0.00467737, 0.00563969, 0.0411112, 0.041026, 0.041355, 0.244692, 0.000537183, 0.00618588 ]
}
