
{
  "stepsize" : 0.0280675,
  "metric_type" : "diag_e",
  "inv_metric" : [ 0.0308496, 0.0301469, 0.0325156, 0.267797, 0.218043, 0.412891, 0.363261, 0.349658, 0.00314853, 0.00154638, 0.00160479, 0.0178718, 0.0563213, 0.0513152, 0.00194993, 0.145278, 0.249147, 0.135772, 0.150886, 0.207078, 0.208126, 0.196205, 0.240005, 0.257545, 0.316794, 1.43102, 1.01422, 1.36325, 1.30577, 0.0149739, 0.0354845, 0.0411667, 0.1371, 0.116499, 0.165587, 0.247862, 0.244813, 0.294112, 1.31703, 1.54515, 1.33222, 0.0203336, 0.00189256, 0.00226365, 0.127153, 0.120638, 0.146128, 0.261004, 0.244683, 0.320633, 1.41482, 1.44575, 1.33609, 0.01045, 0.00138311, 0.116052, 0.152429, 0.327352, 1.43044, 1.27183, 0.00137572, 0.00076602, 0.144884, 0.153152, 0.321779, 1.33361, 1.43486, 0.0156101, 0.0568451, 0.118649, 0.130438, 0.356195, 1.43904, 1.41713, 0.00701818, 0.00440787, 0.00441828, 0.00410945, 0.000774347, 0.00337142, 0.00466307, 0.0174221, 0.0198269, 0.00346167, 0.00330929, 0.00771729, 0.00776223, 0.0173264, 0.0428248, 0.0293835, 0.00764547, 1.11294, 1.12873, 0.000399884, 0.00677477 ]
}
