
{
  "stepsize" : 0.00915954,
  "metric_type" : "diag_e",
  "inv_metric" : [ 0.104767, 0.127898, 0.14184, 0.279175, 0.27407, 0.483562, 0.529894, 0.541665, 0.435014, 0.46591, 0.358252, 0.0027698, 0.0016755, 0.00171276, 0.00305489, 0.00339499, 0.00758622, 0.0260864, 0.0128729, 0.00299246, 0.103007, 0.1453, 0.0995725, 0.0957506, 0.20729, 0.195147, 0.196059, 0.264709, 0.228586, 0.315177, 1.29912, 1.42591, 1.35652, 1.36941, 0.038672, 0.0364532, 0.0129316, 0.116779, 0.183463, 0.114973, 0.274183, 0.252615, 0.328548, 1.32474, 1.30461, 1.53603, 0.0535118, 0.00297756, 0.00338644, 0.12266, 0.117827, 0.113086, 0.258778, 0.250973, 0.328356, 1.36625, 1.27577, 1.42186, 0.033728, 0.0028541, 0.134097, 0.104977, 0.329179, 1.32296, 1.52836, 0.00269475, 0.00273604, 0.109975, 0.0915181, 0.333711, 1.39538, 1.53022, 0.0337411, 0.0373372, 0.117654, 0.127909, 0.329014, 1.46229, 1.32202, 0.0335239, 0.00976809, 0.00989068, 0.0528322, 0.00251049, 0.0777628, 0.0767519, 0.0478903, 0.0236621, 0.0341271, 0.0171578, 0.0172348, 0.0288095, 0.0955609, 0.0484875, 0.0168275, 1.2659, 0.559043, 0.000377833, 0.00528791 ]
}
