
{
  "stepsize" : 0.13462,
  "metric_type" : "diag_e",
  "inv_metric" : [ 0.0534853, 0.835425, 0.000481437, 0.000765937, 0.00330153, 0.00241907, 0.00810076, 0.00082648, 0.000817209, 0.0160646, 0.0141494, 0.000772334, 0.000826581, 0.0159127, 0.0126401, 0.013705, 0.00195641, 0.00213246, 0.000794085, 0.0094605, 0.00373414, 0.0623575, 0.00123685, 0.000606776, 0.00179209, 0.00667568, 0.0022317, 0.000394567, 0.00964243 ]
}
