
{
  "stepsize" : 0.0205759,
  "metric_type" : "diag_e",
  "inv_metric" : [ 0.0321625, 0.0291433, 0.0347809, 0.268669, 0.258117, 0.409107, 0.347177, 0.335803, 0.00309282, 0.00155923, 0.00140943, 0.00356461, 0.00356281, 0.0189135, 0.0575557, 0.05694, 0.00195828, 0.154628, 0.229323, 0.139239, 0.171385, 0.20219, 0.206463, 0.209871, 0.245919, 0.240874, 0.317948, 1.35627, 1.03814, 1.35964, 1.37301, 0.0150888, 0.0368806, 0.0460714, 0.123416, 0.124327, 0.168394, 0.245719, 0.232654, 0.324594, 1.50728, 1.32084, 1.22181, 0.0227963, 0.00177744, 0.00225121, 0.147064, 0.115343, 0.157464, 0.248053, 0.243795, 0.298514, 1.46329, 1.42752, 1.27927, 0.0103171, 0.0013399, 0.115168, 0.155355, 0.360855, 1.45368, 1.283, 0.00128992, 0.000855648, 0.157542, 0.14747, 0.33504, 1.34987, 1.12832, 0.0171939, 0.0561962, 0.118474, 0.142406, 0.307324, 1.40442, 1.25251, 0.00766629, 0.00499127, 0.00468054, 0.00624925, 0.000714854, 0.00300027, 0.00411588, 0.0178274, 0.0199858, 0.00301287, 0.00615056, 0.00616322, 0.0161223, 0.0402258, 0.0280409, 0.00618173, 1.15399, 1.24623, 0.000390101, 0.00699027 ]
}
