
{
  "stepsize" : 0.0188191,
  "metric_type" : "diag_e",
  "inv_metric" : [ 0.0919422, 0.118947, 0.125984, 0.265264, 0.272014, 0.498692, 0.530637, 0.572913, 0.467398, 0.464753, 0.39386, 0.00302658, 0.001617, 0.00145857, 0.00277067, 0.00326601, 0.00802762, 0.0256168, 0.0122898, 0.0028221, 0.0854697, 0.131298, 0.104234, 0.106046, 0.189644, 0.212883, 0.215473, 0.252047, 0.262144, 0.331194, 1.49381, 1.45603, 1.39491, 1.42462, 0.042236, 0.0341152, 0.0129709, 0.135174, 0.181346, 0.102085, 0.234994, 0.256531, 0.354906, 1.44429, 1.26808, 1.4915, 0.052229, 0.00290685, 0.00345972, 0.119079, 0.128351, 0.0896011, 0.221105, 0.259117, 0.333289, 1.43415, 1.39103, 1.42379, 0.0334549, 0.00276131, 0.132507, 0.108415, 0.326983, 1.44134, 1.52671, 0.00266989, 0.00279508, 0.108101, 0.101417, 0.339626, 1.55819, 1.45509, 0.0309322, 0.0341985, 0.116409, 0.119151, 0.333501, 1.31824, 1.42386, 0.0333478, 0.0101151, 0.0101606, 0.0493713, 0.00245895, 0.0759744, 0.0754134, 0.0453551, 0.0223233, 0.0366938, 0.0143338, 0.0140707, 0.0330874, 0.0919602, 0.0535833, 0.0143248, 1.409, 0.605254, 0.000394352, 0.00505293 ]
}
