
{
  "stepsize" : 0.282625,
  "metric_type" : "diag_e",
  "inv_metric" : [ 0.264774, 0.199259, 0.000578797, 0.000807559, 0.00361093, 0.00268687, 0.0100868, 0.00112055, 0.00109566, 0.016095, 0.0138857, 0.00113158, 0.00117481, 0.017832, 0.0162117, 0.0151338, 0.00182493, 0.00275407, 0.00114816, 0.00977352, 0.00369255, 0.985723, 0.0013379, 0.00085912, 0.00128262, 0.00843572, 0.00271861, 0.000409059, 0.00757279 ]
}
