
{
  "stepsize" : 0.0889068,
  "metric_type" : "diag_e",
  "inv_metric" : [ 0.0161192, 0.0174738, 0.015187, 0.319341, 0.213619, 0.410718, 0.337294, 0.407458, 0.00305071, 0.00158545, 0.00157765, 0.00115671, 0.000626591, 0.00296126, 0.00256523, 0.0104723, 0.0109411, 0.000846893, 0.000783165, 0.00139044, 0.00337752, 0.00322832, 0.00308131, 0.00598461, 0.006081, 0.0176113, 0.0319191, 0.0277719, 0.00610108, 0.00124583, 0.00244076, 0.0622453, 0.00709481, 0.00218595, 0.00135138, 1.48499, 1.71868, 0.000386138, 0.00705071 ]
}
