
{
  "stepsize" : 0.0314189,
  "metric_type" : "diag_e",
  "inv_metric" : [ 0.0254039, 0.170164, 0.0256787, 0.286707, 0.130283, 0.274302, 0.398088, 0.232026, 0.00362522, 0.00294348, 0.00410798, 0.00242243, 0.00212131, 0.00308112, 0.919614, 0.869485, 0.739331, 0.737106, 0.00321532, 0.00165765, 0.0016617, 0.0032908, 0.00341027, 0.000721889, 0.183568, 0.246742, 0.247188, 0.0209989, 0.0922577, 0.0404361, 0.00631477, 0.0105974, 0.0134978, 0.0119887, 0.0112132, 0.00291617, 0.00313517, 0.00195289, 0.00284994, 0.00409107, 0.0600626, 0.0140315, 0.0489639, 0.0966124, 0.0917346, 0.260171, 0.00165504, 0.00565246 ]
}
