
{
  "stepsize" : 0.204855,
  "metric_type" : "diag_e",
  "inv_metric" : [ 0.12557, 0.246841, 0.00124998, 0.00152647, 0.0909404, 0.0114449, 0.03811, 0.00248106, 0.0024917, 0.0366584, 0.0208332, 0.00243808, 0.00289491, 0.068428, 0.0730739, 0.07255, 0.00919806, 0.00956268, 0.00256677, 0.0204843, 0.00375654, 0.0624768, 0.00186003, 0.00232041, 0.00927384, 0.0125378, 0.00864297, 0.000434857, 0.00476408 ]
}
