
{
  "stepsize" : 0.0189837,
  "metric_type" : "diag_e",
  "inv_metric" : [ 0.0983368, 0.120396, 0.131566, 0.269831, 0.249984, 0.503071, 0.503184, 0.540242, 0.44988, 0.469928, 0.36836, 0.00322446, 0.00159457, 0.00157115, 0.00301856, 0.00334351, 0.00798924, 0.0263886, 0.0132424, 0.00280608, 0.106218, 0.138012, 0.113355, 0.113039, 0.193416, 0.203016, 0.202584, 0.247308, 0.249612, 0.314891, 1.34452, 1.36981, 1.48045, 1.42385, 0.0382968, 0.0320156, 0.01397, 0.118888, 0.178459, 0.118305, 0.247184, 0.246719, 0.350078, 1.40126, 1.261, 1.45243, 0.0548179, 0.00322802, 0.00323799, 0.122905, 0.105654, 0.110248, 0.240366, 0.252552, 0.336918, 1.49239, 1.50579, 1.41783, 0.0329408, 0.00271777, 0.133032, 0.105727, 0.334557, 1.48043, 1.39768, 0.00267125, 0.00297311, 0.107888, 0.100055, 0.313881, 1.49607, 1.50232, 0.030719, 0.0366424, 0.122098, 0.117873, 0.331539, 1.45416, 1.38341, 0.0325548, 0.0105209, 0.00971844, 0.0531965, 0.00228801, 0.0735848, 0.0740399, 0.0457805, 0.0215475, 0.0341679, 0.0164417, 0.0164868, 0.0263388, 0.0953106, 0.0463271, 0.0166167, 1.13141, 0.555825, 0.000375912, 0.00514688 ]
}
