
{
  "stepsize" : 0.176858,
  "metric_type" : "diag_e",
  "inv_metric" : [ 0.194024, 0.312333, 0.00112363, 0.00154146, 0.0668255, 0.0646836, 0.0318909, 0.00237286, 0.00233513, 0.0336715, 0.020697, 0.0027145, 0.00255953, 0.0402852, 0.048813, 0.0438537, 0.00808284, 0.00970842, 0.00258505, 0.020153, 0.00390786, 0.0615475, 0.00168355, 0.00256926, 0.0081173, 0.01103, 0.00935756, 0.000401244, 0.0052787 ]
}
