
{
  "stepsize" : 0.264438,
  "metric_type" : "diag_e",
  "inv_metric" : [ 0.271653, 0.193195, 0.00059698, 0.000773332, 0.00344994, 0.00276878, 0.0102682, 0.0011341, 0.00116922, 0.0158448, 0.01449, 0.00106403, 0.00113846, 0.0172257, 0.0153418, 0.0149788, 0.00180482, 0.00263289, 0.00118712, 0.00965293, 0.00348889, 0.994617, 0.00135457, 0.000760357, 0.00128667, 0.00844442, 0.00267916, 0.000390096, 0.00798197 ]
}
