
{
  "stepsize" : 0.0294657,
  "metric_type" : "diag_e",
  "inv_metric" : [ 0.0323964, 0.0290452, 0.0610203, 0.246922, 0.195162, 0.270921, 0.117035, 0.285058, 0.358311, 0.176795, 0.307911, 0.00295242, 0.00152375, 0.00152462, 0.00340426, 0.00392214, 0.0139285, 0.023596, 0.0187147, 0.00165932, 0.148062, 0.135383, 0.111046, 0.139022, 0.19198, 0.179174, 0.199437, 0.23162, 0.256632, 0.320763, 1.3852, 1.40854, 1.41336, 1.19666, 0.0159084, 0.0375377, 0.0301713, 0.145579, 0.180114, 0.160566, 0.243778, 0.257554, 0.305821, 1.44264, 1.3161, 1.34066, 0.0225386, 0.00142086, 0.00246224, 0.138819, 0.127548, 0.136323, 0.242697, 0.259958, 0.317774, 1.38861, 1.54669, 1.29464, 0.0122098, 0.00135191, 0.120049, 0.139428, 0.333247, 1.48564, 1.39989, 0.00112258, 0.000941823, 0.164962, 0.170321, 0.298442, 1.43299, 1.28764, 0.0162775, 0.0542953, 0.130981, 0.188506, 0.279288, 1.44277, 1.27865, 0.00372151, 0.00411137, 0.00370099, 0.0029948, 0.000647062, 0.00335936, 0.00416245, 0.018212, 0.0142329, 0.00260389, 0.0485798, 0.048417, 0.0619566, 0.0784989, 0.0701884, 0.0482602, 0.18666, 0.266453, 0.000413069, 0.00629092 ]
}
