
{
  "stepsize" : 0.112185,
  "metric_type" : "diag_e",
  "inv_metric" : [ 0.313689, 1.25024, 0.000540267, 0.000797059, 0.00326232, 0.00283261, 0.00976608, 0.000822515, 0.000886958, 0.0161113, 0.0135459, 0.00087584, 0.00091554, 0.0158794, 0.017114, 0.0150746, 0.00224967, 0.00208412, 0.000799586, 0.010663, 0.00392142, 0.0629082, 0.00129648, 0.000637095, 0.00142483, 0.00750896, 0.00228262, 0.000375861, 0.00827313 ]
}
