
{
  "stepsize" : 0.227079,
  "metric_type" : "diag_e",
  "inv_metric" : [ 0.319272, 0.975647, 0.00048219, 0.000784722, 0.00336807, 0.00252377, 0.00901971, 0.000810862, 0.000807609, 0.0158859, 0.0129757, 0.000851245, 0.00084291, 0.0137849, 0.0154388, 0.0131886, 0.00221628, 0.00212522, 0.000867475, 0.00943863, 0.0039614, 0.0573936, 0.00127707, 0.000641464, 0.00153757, 0.00742427, 0.0022788, 0.000347091, 0.00749188 ]
}
