
{
  "stepsize" : 0.0105787,
  "metric_type" : "diag_e",
  "inv_metric" : [ 0.0332358, 0.0273365, 0.0592347, 0.261315, 0.209903, 0.272066, 0.117282, 0.294719, 0.348069, 0.173987, 0.296561, 0.0031221, 0.00164216, 0.00157727, 0.00344047, 0.00381572, 0.0148246, 0.0212767, 0.0215845, 0.00162702, 0.166259, 0.13287, 0.120611, 0.131497, 0.1971, 0.19819, 0.196456, 0.278856, 0.260125, 0.318095, 1.37903, 1.44642, 1.34315, 1.38034, 0.0163072, 0.0353122, 0.0329356, 0.134852, 0.188732, 0.153713, 0.236801, 0.236369, 0.316293, 1.44882, 1.31514, 1.45195, 0.0224181, 0.0013923, 0.0024066, 0.125536, 0.129754, 0.132811, 0.25403, 0.250109, 0.312285, 1.44925, 1.34835, 1.45369, 0.0120187, 0.00130347, 0.123044, 0.143485, 0.318013, 1.53295, 1.41362, 0.00112725, 0.000856796, 0.16586, 0.163446, 0.342519, 1.40297, 1.49258, 0.0160875, 0.0553285, 0.121356, 0.178826, 0.321845, 1.45532, 1.27626, 0.00352223, 0.00437582, 0.0039459, 0.00305673, 0.000694932, 0.00341491, 0.00399771, 0.0191693, 0.0147811, 0.00260982, 0.0471393, 0.0472574, 0.0641707, 0.0787322, 0.0710663, 0.0473327, 0.194047, 0.244915, 0.000417133, 0.00625793 ]
}
