
{
  "stepsize" : 0.0271288,
  "metric_type" : "diag_e",
  "inv_metric" : [ 0.0242583, 0.176684, 0.0253229, 0.279006, 0.132054, 0.294581, 0.421189, 0.24387, 0.00331094, 0.00308382, 0.00441196, 0.00232149, 0.00212229, 0.00297732, 0.875848, 1.00196, 0.858173, 0.693972, 0.00323785, 0.00158308, 0.00158229, 0.00302449, 0.00345062, 0.000718625, 0.181415, 0.246518, 0.245601, 0.0210289, 0.0865181, 0.041174, 0.00634553, 0.0110835, 0.0143504, 0.0120425, 0.0113453, 0.00298649, 0.00311446, 0.00189857, 0.0029685, 0.00422076, 0.0624266, 0.0151155, 0.0481924, 0.0915223, 0.0854724, 0.270769, 0.00162167, 0.0056821 ]
}
