
{
  "stepsize" : 0.199742,
  "metric_type" : "diag_e",
  "inv_metric" : [ 0.20068, 0.399941, 0.00111888, 0.0014874, 0.0497226, 0.0475966, 0.0146355, 0.00311286, 0.00330014, 0.0140017, 0.0115286, 0.00310075, 0.00257299, 0.0233978, 0.0193353, 0.0194319, 0.00515656, 0.0038915, 0.00291582, 0.0134399, 0.0025082, 0.0622054, 0.00134986, 0.00289152, 0.00598818, 0.0100386, 0.00364049, 0.000375116, 0.0165867 ]
}
