
{
  "stepsize" : 0.247942,
  "metric_type" : "diag_e",
  "inv_metric" : [ 0.318876, 0.234774, 0.000636255, 0.000810932, 0.00368888, 0.00318252, 0.0116819, 0.00113578, 0.00107553, 0.016321, 0.0128658, 0.00114572, 0.00110454, 0.0170296, 0.0179268, 0.0157126, 0.00193633, 0.00269536, 0.00105088, 0.0107288, 0.00392989, 0.975106, 0.00136476, 0.000838243, 0.00191223, 0.00946383, 0.00288959, 0.000417767, 0.0076254 ]
}
