
{
  "stepsize" : 0.0155767,
  "metric_type" : "diag_e",
  "inv_metric" : [ 0.0939375, 0.118861, 0.127551, 0.243505, 0.231632, 0.522982, 0.559031, 0.603229, 0.500885, 0.467804, 0.387457, 0.00315732, 0.00167333, 0.001564, 0.00318674, 0.00332415, 0.00751654, 0.0265452, 0.0129849, 0.00279859, 0.120768, 0.141123, 0.112063, 0.1039, 0.200434, 0.208172, 0.196633, 0.23808, 0.245198, 0.326139, 1.36509, 1.49771, 1.36332, 1.51299, 0.0399866, 0.0346012, 0.0133075, 0.117486, 0.165724, 0.121653, 0.246236, 0.23513, 0.336661, 1.43943, 1.34982, 1.51107, 0.0537463, 0.00328321, 0.00338651, 0.120767, 0.118808, 0.109009, 0.234807, 0.249489, 0.315636, 1.46094, 1.32398, 1.46809, 0.034385, 0.00258761, 0.133224, 0.100773, 0.324439, 1.53315, 1.4184, 0.00261873, 0.00270442, 0.103054, 0.114588, 0.321209, 1.58226, 1.34404, 0.030734, 0.0347726, 0.114831, 0.124434, 0.316117, 1.55358, 1.28269, 0.0338592, 0.00943512, 0.00957895, 0.0506639, 0.00257511, 0.0816205, 0.0796478, 0.0455383, 0.0215861, 0.0349618, 0.0147215, 0.0147173, 0.0297397, 0.0932594, 0.0515216, 0.0144099, 1.20788, 0.635965, 0.000382246, 0.00492762 ]
}
