
{
  "stepsize" : 0.21988,
  "metric_type" : "diag_e",
  "inv_metric" : [ 0.145723, 0.316984, 0.00119045, 0.0016832, 0.0500927, 0.0448188, 0.0148626, 0.00317231, 0.00301216, 0.0140929, 0.0112678, 0.00356309, 0.00293502, 0.0221308, 0.018752, 0.026842, 0.00595608, 0.00390527, 0.00284178, 0.0120263, 0.00253059, 0.0579983, 0.00144955, 0.00238599, 0.00594262, 0.00958071, 0.00361634, 0.00038572, 0.0114635 ]
}
