
{
  "stepsize" : 0.224045,
  "metric_type" : "diag_e",
  "inv_metric" : [ 0.358315, 0.289377, 0.000635708, 0.00081414, 0.00390824, 0.00300332, 0.0123894, 0.00119563, 0.00119049, 0.0152399, 0.0127837, 0.00112485, 0.00118302, 0.0164172, 0.0178542, 0.0154342, 0.00193355, 0.002527, 0.00105169, 0.011092, 0.00367202, 0.0604236, 0.00129904, 0.000862069, 0.00187896, 0.00840509, 0.00267871, 0.000397427, 0.00730466 ]
}
