
{
  "stepsize" : 0.184535,
  "metric_type" : "diag_e",
  "inv_metric" : [ 0.185559, 0.321193, 0.00124491, 0.00147219, 0.080042, 0.0778924, 0.0272738, 0.00270301, 0.00298574, 0.0309189, 0.0206225, 0.00278578, 0.00234653, 0.0357853, 0.0429633, 0.0390491, 0.00896952, 0.0103424, 0.00251525, 0.0225631, 0.00341365, 0.0579415, 0.00165652, 0.00226866, 0.00861113, 0.0102548, 0.00908924, 0.000352896, 0.0054756 ]
}
