
{
  "stepsize" : 0.183522,
  "metric_type" : "diag_e",
  "inv_metric" : [ 0.309002, 0.915397, 0.000495113, 0.000747853, 0.00321753, 0.0025993, 0.0095359, 0.00087494, 0.000759449, 0.0170551, 0.0137473, 0.00085274, 0.000818494, 0.0143659, 0.0151729, 0.0137725, 0.0025405, 0.00190565, 0.000738498, 0.0109518, 0.0042925, 0.0707242, 0.00127667, 0.000645298, 0.00146267, 0.00698582, 0.00236494, 0.00042353, 0.00955277 ]
}
