
{
  "stepsize" : 0.0523744,
  "metric_type" : "diag_e",
  "inv_metric" : [ 0.335553, 1.17604, 0.000459119, 0.000791806, 0.00343766, 0.00251915, 0.00994833, 0.000819957, 0.000850387, 0.0174112, 0.013703, 0.000893006, 0.000889655, 0.0142461, 0.0164251, 0.0150435, 0.00243931, 0.00207863, 0.00082663, 0.00946828, 0.00390048, 0.064296, 0.00122192, 0.000622446, 0.00141285, 0.00712517, 0.00214372, 0.000402029, 0.00796995 ]
}
