
{
  "stepsize" : 0.127446,
  "metric_type" : "diag_e",
  "inv_metric" : [ 0.0638656, 0.95407, 0.000496506, 0.000727876, 0.00317807, 0.00235545, 0.00857468, 0.000815002, 0.000832547, 0.0164352, 0.0140121, 0.000871452, 0.000849335, 0.0172122, 0.013669, 0.0153496, 0.00206605, 0.00221587, 0.000832315, 0.00973143, 0.00386848, 0.0588231, 0.00115475, 0.000597335, 0.00174152, 0.0070881, 0.00216152, 0.000408944, 0.00979377 ]
}
