
{
  "stepsize" : 0.0729334,
  "metric_type" : "diag_e",
  "inv_metric" : [ 0.0526576, 0.920818, 0.000499726, 0.000777987, 0.00338147, 0.00228355, 0.00817467, 0.000772507, 0.0008126, 0.0167674, 0.0156266, 0.000808406, 0.00082314, 0.0170544, 0.0129918, 0.0139465, 0.00191714, 0.00237847, 0.000864136, 0.00927413, 0.00388577, 1.04431, 0.00122712, 0.000644214, 0.00196775, 0.00777125, 0.00222203, 0.000398748, 0.00985498 ]
}
