
{
  "stepsize" : 0.203657,
  "metric_type" : "diag_e",
  "inv_metric" : [ 0.145116, 0.311842, 0.00129183, 0.00148427, 0.0453565, 0.0421391, 0.0172008, 0.00318502, 0.00308337, 0.0144692, 0.0126971, 0.00328056, 0.00310785, 0.0221884, 0.0209672, 0.0277714, 0.00502344, 0.0039419, 0.00308878, 0.0124595, 0.00270019, 0.0562352, 0.00155303, 0.00272305, 0.00620319, 0.011161, 0.00387279, 0.00038585, 0.0124855 ]
}
