
{
  "stepsize" : 0.0108414,
  "metric_type" : "diag_e",
  "inv_metric" : [ 0.0319114, 0.0282161, 0.0586308, 0.257213, 0.208476, 0.266936, 0.120698, 0.296402, 0.346906, 0.174047, 0.287091, 0.00328185, 0.00159718, 0.00162129, 0.00318557, 0.00384179, 0.0143892, 0.0222913, 0.0220443, 0.00164245, 0.154656, 0.134621, 0.112122, 0.140337, 0.19189, 0.222101, 0.189646, 0.245135, 0.240481, 0.341386, 1.3302, 1.41121, 1.47383, 1.41421, 0.0158333, 0.0365581, 0.0344638, 0.130316, 0.175047, 0.159488, 0.249567, 0.255032, 0.314382, 1.35397, 1.32937, 1.30971, 0.0230076, 0.00137732, 0.00245825, 0.128948, 0.127696, 0.145718, 0.252654, 0.237547, 0.312888, 1.35104, 1.56276, 1.38002, 0.0122143, 0.0013137, 0.122673, 0.14686, 0.332342, 1.43666, 1.54143, 0.00108536, 0.000893216, 0.165386, 0.157618, 0.329742, 1.38708, 1.31141, 0.0165898, 0.0571116, 0.122883, 0.184472, 0.318872, 1.43669, 1.27272, 0.00394213, 0.0042444, 0.00386492, 0.00309573, 0.000636376, 0.00315716, 0.00414027, 0.0190061, 0.0145119, 0.00240976, 0.0471243, 0.0469627, 0.0626865, 0.0802951, 0.0730299, 0.046447, 0.192116, 0.244857, 0.000432629, 0.00615414 ]
}
