
{
  "stepsize" : 0.198185,
  "metric_type" : "diag_e",
  "inv_metric" : [ 0.122913, 0.255551, 0.00148034, 0.00147655, 0.0832495, 0.0109994, 0.0396014, 0.0029193, 0.00308546, 0.033296, 0.0213031, 0.00262364, 0.00258937, 0.0757184, 0.066501, 0.063796, 0.00806497, 0.00888307, 0.00237367, 0.0205722, 0.0035943, 0.0644759, 0.00163583, 0.00266173, 0.00964838, 0.0112854, 0.00802643, 0.000350518, 0.00554987 ]
}
