
{
  "stepsize" : 0.209095,
  "metric_type" : "diag_e",
  "inv_metric" : [ 0.188815, 0.359358, 0.00106063, 0.00150816, 0.0547317, 0.053199, 0.016335, 0.00290498, 0.00336155, 0.0135974, 0.0111615, 0.00271127, 0.00296597, 0.0240185, 0.0196533, 0.0200461, 0.00548688, 0.00358126, 0.00295533, 0.0129435, 0.00265154, 0.0562879, 0.00144335, 0.00275768, 0.00576291, 0.0102973, 0.00421718, 0.0003989, 0.0155142 ]
}
