
{
  "stepsize" : 0.211705,
  "metric_type" : "diag_e",
  "inv_metric" : [ 0.127061, 0.250738, 0.00132334, 0.00148298, 0.0847927, 0.0124923, 0.0453029, 0.00252376, 0.00244934, 0.0360043, 0.0186653, 0.00235169, 0.00251097, 0.0704313, 0.0718098, 0.0691025, 0.00915436, 0.0105629, 0.00246734, 0.0202623, 0.00412842, 0.0578253, 0.00159972, 0.00234317, 0.00962639, 0.0127337, 0.0091893, 0.000383097, 0.00551277 ]
}
