
{
  "stepsize" : 0.0583983,
  "metric_type" : "diag_e",
  "inv_metric" : [ 0.0103946, 0.00473063, 0.00633397, 0.0160032, 0.0168867, 0.0147183, 0.295669, 0.0399016, 0.337792, 0.188204, 0.83657, 0.392247, 0.346695, 0.392906, 0.0030522, 0.00154442, 0.00154574, 0.00116115, 0.00108417, 0.000676921, 0.00288682, 0.00235218, 0.0107459, 0.0107341, 0.000783789, 0.00133527, 0.00372555, 0.0034233, 0.00314126, 0.00506204, 0.00509779, 0.0140107, 0.028156, 0.0266163, 0.00494132, 0.00132866, 0.00221033, 0.0602154, 0.00728408, 0.00229666, 0.00139273, 1.22195, 1.59186, 0.000406579, 0.00714993 ]
}
