
{
  "stepsize" : 0.225858,
  "metric_type" : "diag_e",
  "inv_metric" : [ 0.338719, 0.251597, 0.000649169, 0.000791189, 0.00386374, 0.00296845, 0.012576, 0.00116246, 0.00119153, 0.0158059, 0.013727, 0.0011823, 0.00112777, 0.0166987, 0.017662, 0.015767, 0.00196191, 0.00268187, 0.00118762, 0.0109976, 0.00389067, 0.974731, 0.00136151, 0.000861461, 0.00192523, 0.00931351, 0.00275884, 0.000398922, 0.00777873 ]
}
