
{
  "stepsize" : 0.133347,
  "metric_type" : "diag_e",
  "inv_metric" : [ 0.0582166, 0.865087, 0.000504227, 0.000749041, 0.0033531, 0.00221155, 0.00823106, 0.000830461, 0.000876921, 0.0171625, 0.0137906, 0.000812254, 0.000809748, 0.0162529, 0.0131584, 0.0139479, 0.00196211, 0.00221271, 0.00079812, 0.00971125, 0.00386542, 0.0659986, 0.00119667, 0.0006193, 0.00169493, 0.00690766, 0.00216656, 0.000422017, 0.00928606 ]
}
