
{
  "stepsize" : 0.033498,
  "metric_type" : "diag_e",
  "inv_metric" : [ 0.0309858, 0.0274994, 0.0552859, 0.246759, 0.200492, 0.229073, 0.119093, 0.300407, 0.347646, 0.180615, 0.292299, 0.00332846, 0.00151795, 0.00159219, 0.00319303, 0.0036406, 0.0143879, 0.0222927, 0.0215803, 0.00164829, 0.168903, 0.153632, 0.106025, 0.142735, 0.213802, 0.18651, 0.197475, 0.230753, 0.243841, 0.356862, 1.43858, 1.40462, 1.53431, 1.36596, 0.017064, 0.036704, 0.0328572, 0.142572, 0.176874, 0.153551, 0.270219, 0.262893, 0.333882, 1.44072, 1.34277, 1.26563, 0.0229785, 0.00139247, 0.00246737, 0.12892, 0.130429, 0.13263, 0.257112, 0.261205, 0.305032, 1.48047, 1.35883, 1.4221, 0.0119859, 0.00128421, 0.124767, 0.136133, 0.31598, 1.55764, 1.3823, 0.00110301, 0.000849768, 0.165844, 0.156269, 0.334014, 1.354, 1.32923, 0.0151051, 0.0539758, 0.135875, 0.177401, 0.316893, 1.29557, 1.32253, 0.0041217, 0.00427354, 0.00367573, 0.00284468, 0.00070579, 0.00331031, 0.00393461, 0.0194394, 0.0150867, 0.00248851, 0.0492633, 0.0496905, 0.060073, 0.0749782, 0.0728638, 0.0504328, 0.170144, 0.244452, 0.000391962, 0.00654286 ]
}
