
{
  "stepsize" : 0.193478,
  "metric_type" : "diag_e",
  "inv_metric" : [ 0.180708, 0.312023, 0.00126965, 0.00152315, 0.0654703, 0.0665913, 0.0325847, 0.00280028, 0.00278616, 0.0300616, 0.0215063, 0.00248774, 0.00261688, 0.0389343, 0.0448248, 0.0453824, 0.00875782, 0.00886211, 0.00235029, 0.0200876, 0.00414679, 0.0638983, 0.00168627, 0.00251757, 0.00910764, 0.0103789, 0.00817628, 0.000402269, 0.0056628 ]
}
