
{
  "stepsize" : 0.0261628,
  "metric_type" : "diag_e",
  "inv_metric" : [ 0.099178, 0.123679, 0.133854, 0.287769, 0.265793, 0.509352, 0.495701, 0.582635, 0.509175, 0.454907, 0.378035, 0.00320049, 0.00160428, 0.00161163, 0.00314163, 0.0033595, 0.00756968, 0.0248671, 0.0125726, 0.00297768, 0.105447, 0.1498, 0.106997, 0.099462, 0.193839, 0.205619, 0.199201, 0.240956, 0.258543, 0.290239, 1.40423, 1.54133, 1.3972, 1.40126, 0.039604, 0.033468, 0.0121151, 0.112757, 0.17501, 0.107542, 0.247097, 0.256903, 0.30735, 1.41267, 1.39184, 1.48598, 0.0584795, 0.00315826, 0.00334778, 0.124833, 0.114266, 0.0966074, 0.244028, 0.259892, 0.33158, 1.40864, 1.47263, 1.42076, 0.0347372, 0.00274299, 0.141983, 0.0938854, 0.318648, 1.43431, 1.51053, 0.00279601, 0.00281039, 0.107624, 0.102145, 0.336453, 1.35783, 1.48319, 0.0324807, 0.03725, 0.126018, 0.12986, 0.320823, 1.47087, 1.46005, 0.0334624, 0.0103428, 0.00978985, 0.0556859, 0.00245195, 0.0724783, 0.071648, 0.0454451, 0.0212515, 0.0362375, 0.0196546, 0.0198429, 0.0279807, 0.097951, 0.047956, 0.019741, 1.29874, 0.600873, 0.000408718, 0.00491532 ]
}
