
{
  "stepsize" : 0.0782362,
  "metric_type" : "diag_e",
  "inv_metric" : [ 0.065324, 1.03933, 0.000496155, 0.000782214, 0.0031573, 0.00246544, 0.00809177, 0.000861662, 0.000828011, 0.0176454, 0.0140585, 0.00085641, 0.000857806, 0.0162875, 0.012531, 0.0138439, 0.00193638, 0.00221584, 0.000854861, 0.00999191, 0.00349734, 0.0624116, 0.00122673, 0.00065707, 0.00174092, 0.00659045, 0.00204448, 0.000402495, 0.0100484 ]
}
