
{
  "stepsize" : 0.0201504,
  "metric_type" : "diag_e",
  "inv_metric" : [ 0.0945604, 0.115474, 0.126833, 0.285265, 0.258817, 0.535355, 0.500626, 0.53859, 0.462265, 0.438172, 0.357709, 0.00311941, 0.00162071, 0.00157127, 0.0031845, 0.00338509, 0.00778315, 0.0254835, 0.0127677, 0.00285725, 0.105904, 0.139665, 0.0899086, 0.0988496, 0.194243, 0.19645, 0.194114, 0.247102, 0.26031, 0.336069, 1.42309, 1.50349, 1.55287, 1.40839, 0.0395529, 0.0340404, 0.0128917, 0.120962, 0.180287, 0.0983209, 0.272799, 0.24012, 0.307676, 1.48354, 1.43423, 1.45769, 0.0514541, 0.00297081, 0.00367614, 0.125193, 0.111021, 0.0999683, 0.249453, 0.250042, 0.348734, 1.45102, 1.47082, 1.44217, 0.0335747, 0.00264986, 0.138857, 0.103194, 0.308604, 1.36834, 1.41559, 0.00258356, 0.00281999, 0.105408, 0.102372, 0.324086, 1.49238, 1.41189, 0.0309596, 0.0365783, 0.126821, 0.125265, 0.305601, 1.5205, 1.39539, 0.0334743, 0.009729, 0.0105974, 0.0493252, 0.00239206, 0.0762706, 0.0773404, 0.0452297, 0.0205361, 0.0355355, 0.0152269, 0.0154422, 0.0294627, 0.0947794, 0.0466382, 0.0155838, 1.49736, 0.575762, 0.000402891, 0.00509694 ]
}
