
{
  "stepsize" : 0.0234177,
  "metric_type" : "diag_e",
  "inv_metric" : [ 0.0953812, 0.117511, 0.131505, 0.291377, 0.267916, 0.525396, 0.522467, 0.577419, 0.483394, 0.454972, 0.363121, 0.00331491, 0.0016591, 0.00164095, 0.00312374, 0.00336709, 0.00793206, 0.0254001, 0.0128173, 0.00290725, 0.0988645, 0.130334, 0.109835, 0.098523, 0.210348, 0.202016, 0.205228, 0.254359, 0.251154, 0.331164, 1.45725, 1.4195, 1.45996, 1.55529, 0.0421375, 0.0350536, 0.0126611, 0.123677, 0.170379, 0.110298, 0.255317, 0.25693, 0.326436, 1.51196, 1.34745, 1.41361, 0.0546617, 0.00294445, 0.00354674, 0.124013, 0.116928, 0.108473, 0.255143, 0.269201, 0.339301, 1.44835, 1.43253, 1.48964, 0.0359249, 0.00266007, 0.139841, 0.106665, 0.319395, 1.47346, 1.495, 0.00272698, 0.00286208, 0.113316, 0.101144, 0.331342, 1.47193, 1.4048, 0.0314674, 0.0361694, 0.11712, 0.119216, 0.328927, 1.47747, 1.52265, 0.0359008, 0.010055, 0.00979364, 0.0528851, 0.00237808, 0.0775707, 0.074955, 0.0471027, 0.0212319, 0.0375563, 0.0145139, 0.0146406, 0.031959, 0.0952665, 0.0527199, 0.0145704, 1.25914, 0.601291, 0.00041535, 0.00504593 ]
}
