
{
  "stepsize" : 0.234123,
  "metric_type" : "diag_e",
  "inv_metric" : [ 0.346447, 0.272852, 0.000612807, 0.000754122, 0.00364688, 0.00308869, 0.0119715, 0.00114416, 0.00120427, 0.015204, 0.013969, 0.00117351, 0.00119588, 0.0165411, 0.0173177, 0.0150356, 0.00198476, 0.0025275, 0.00109232, 0.0109048, 0.00380186, 0.0658853, 0.00131186, 0.000822691, 0.00198027, 0.00786124, 0.00265617, 0.000399493, 0.00725613 ]
}
