
{
  "stepsize" : 0.223966,
  "metric_type" : "diag_e",
  "inv_metric" : [ 0.15211, 0.289385, 0.00134071, 0.00155706, 0.0459153, 0.0430733, 0.0168722, 0.00291266, 0.0030168, 0.0133369, 0.011775, 0.00290703, 0.00299472, 0.0226245, 0.0188321, 0.0306134, 0.00581173, 0.00342675, 0.00327091, 0.0141532, 0.00289903, 0.0611108, 0.00149927, 0.00250096, 0.00621801, 0.0100289, 0.00353825, 0.000402782, 0.0126733 ]
}
