
{
  "stepsize" : 0.0151521,
  "metric_type" : "diag_e",
  "inv_metric" : [ 0.101247, 0.121398, 0.138476, 0.287083, 0.275021, 0.387071, 0.377996, 0.281741, 0.00329941, 0.00158778, 0.00164958, 0.00313207, 0.00328071, 0.00738428, 0.0242454, 0.0131203, 0.00327919, 0.118565, 0.134038, 0.114673, 0.109798, 0.214485, 0.199736, 0.2219, 0.25777, 0.25984, 0.366265, 1.31392, 1.35538, 1.44153, 1.37699, 0.0405762, 0.0322014, 0.0126395, 0.121562, 0.167426, 0.119238, 0.224788, 0.259468, 0.283525, 1.36149, 1.26435, 1.35851, 0.0555313, 0.00275534, 0.0036887, 0.118981, 0.114312, 0.0965537, 0.263419, 0.264903, 0.352509, 1.34514, 1.51682, 1.3987, 0.0369253, 0.00271634, 0.144605, 0.0935822, 0.333945, 1.40569, 1.45314, 0.00255288, 0.002831, 0.102081, 0.107571, 0.341717, 1.55948, 1.42102, 0.0327018, 0.0357471, 0.133796, 0.119632, 0.298685, 1.29774, 1.27984, 0.036778, 0.00996376, 0.0103129, 0.052349, 0.00263963, 0.0763739, 0.0755768, 0.0434336, 0.022296, 0.0356832, 0.0240297, 0.0234138, 0.0212083, 0.090669, 0.040875, 0.0237988, 1.3108, 0.672441, 0.000424755, 0.00519016 ]
}
