
{
  "stepsize" : 0.0260745,
  "metric_type" : "diag_e",
  "inv_metric" : [ 0.094956, 0.122608, 0.132357, 0.267071, 0.237914, 0.374082, 0.330807, 0.297474, 0.00300517, 0.00161326, 0.00163785, 0.00293518, 0.00319435, 0.00799526, 0.0252301, 0.0131055, 0.00288567, 0.109426, 0.156743, 0.112719, 0.106746, 0.20162, 0.195942, 0.216261, 0.231515, 0.252068, 0.337337, 1.2986, 1.3479, 1.45854, 1.44229, 0.00856944, 0.0323915, 0.0141233, 0.1051, 0.195262, 0.114178, 0.23191, 0.275975, 0.320947, 1.44865, 1.26697, 1.4126, 0.125383, 0.00301962, 0.00321935, 0.157009, 0.113724, 0.0996523, 0.247645, 0.242536, 0.319504, 1.35616, 1.56618, 1.31177, 0.0530427, 0.00282403, 0.156079, 0.110907, 0.332745, 1.4243, 1.60866, 0.00276552, 0.00291774, 0.0970843, 0.0909883, 0.338643, 1.47123, 1.47302, 0.0302377, 0.0367325, 0.114703, 0.132379, 0.331244, 1.69734, 1.36468, 0.0576159, 0.0113422, 0.0115891, 0.132948, 0.00239913, 0.0801758, 0.0784421, 0.0489212, 0.0283053, 0.0207666, 0.0209857, 0.0184747, 0.0901294, 0.0393518, 0.0206766, 1.36714, 0.665908, 0.000397719, 0.00510068 ]
}
