
{
  "stepsize" : 0.0215467,
  "metric_type" : "diag_e",
  "inv_metric" : [ 0.0312047, 0.0274229, 0.0620176, 0.26826, 0.221605, 0.267656, 0.112343, 0.299989, 0.353203, 0.167618, 0.28446, 0.00301488, 0.00158414, 0.00146869, 0.00337615, 0.00370582, 0.0148384, 0.0207197, 0.0210384, 0.00169149, 0.156719, 0.137241, 0.12249, 0.134243, 0.20306, 0.207537, 0.183882, 0.242422, 0.240141, 0.306086, 1.27067, 1.30229, 1.48109, 1.41567, 0.0168228, 0.0358545, 0.0304302, 0.123468, 0.177561, 0.159985, 0.245677, 0.233877, 0.336787, 1.43124, 1.28591, 1.36971, 0.0233964, 0.00146635, 0.00250806, 0.116933, 0.132573, 0.135333, 0.252814, 0.244515, 0.351775, 1.28005, 1.25034, 1.36068, 0.0125174, 0.00130523, 0.11413, 0.151004, 0.337593, 1.54594, 1.24644, 0.00117073, 0.000820577, 0.169809, 0.165946, 0.320262, 1.48069, 1.28086, 0.015206, 0.053625, 0.129967, 0.182733, 0.335262, 1.31459, 1.29357, 0.00399491, 0.00464872, 0.00397755, 0.00291608, 0.0007006, 0.00340136, 0.00377309, 0.0193935, 0.0141484, 0.00227551, 0.048719, 0.0485773, 0.0584832, 0.0734589, 0.0684224, 0.0493035, 0.19942, 0.263747, 0.000407065, 0.00704307 ]
}
