
{
  "stepsize" : 0.0316562,
  "metric_type" : "diag_e",
  "inv_metric" : [ 0.0192903, 0.0294447, 0.0223786, 0.297549, 0.154394, 0.267373, 0.421833, 0.245164, 0.00325241, 0.00159353, 0.00174246, 0.00320604, 0.00329956, 0.000977689, 0.000905613, 0.134445, 0.128852, 0.317191, 1.35698, 1.33911, 0.0085896, 0.000782579, 0.00161867, 0.0150618, 0.00150438, 0.0138782, 0.0125919, 0.0132476, 0.00353511, 0.00331077, 0.00187785, 0.00366958, 0.00498739, 0.004875, 0.0058981, 0.0449875, 0.044358, 0.0438544, 0.255537, 0.000515704, 0.00555026 ]
}
