
{
  "stepsize" : 0.231349,
  "metric_type" : "diag_e",
  "inv_metric" : [ 0.297828, 1.06728, 0.000448651, 0.000856438, 0.00305673, 0.00257499, 0.0100311, 0.000824809, 0.000891151, 0.0179704, 0.0151977, 0.000874012, 0.000760984, 0.0145187, 0.0166711, 0.0138714, 0.00254837, 0.00222182, 0.000789568, 0.0112231, 0.0040032, 0.0644609, 0.00124191, 0.000662436, 0.00129308, 0.00782196, 0.00184023, 0.000376729, 0.00836233 ]
}
